<?xml version="1.0" encoding="UTF-8" standalone="yes"?>
<addon id="repository.mundrone" name="[COLOR blue]Repo MunDrone[/COLOR] Repo" version="0.0.1" provider-name="David">
    <extension point="xbmc.addon.repository" name="Mi repositorio">
        <info>https://raw.githubusercontent.com/dpm1001/mirepo/master/Repositorio/addons.xml</info>
        <checksum>https://raw.githubusercontent.com/dpm1001/mirepo/master/Repositorio/addons.xml.md5</checksum>
        <datadir zip="true">https://raw.githubusercontent.com/dpm1001/master/Repositorio/</datadir>
    </extension>
    <extension point="xbmc.addon.metadata">
        <summary>Repositorio para Mi</summary>
        <description></description>
        <disclaimer></disclaimer>
        <platform>all</platform>
    </extension>
</addon>
